{
  "versions": [
    {
      "bios": "2021-01-19_d6d37c0",
      "bios_me": true,
      "bios_set": false,
      "ec": "2021-01-19_d6d37c0",
      "me": "14.0.10.1204",
      "me_hap": false,
      "me_cr": false,
      "description": "Support customizing keyboard at runtime, add battery charging thresholds, prevent wake when lid is closed, update boot options on device hotplug, add fan toggle key (Fn+1), and clear NVRAM when CMOS battery is removed"
    },
    {
      "bios": "2020-09-17_f10af76",
      "bios_me": true,
      "bios_set": false,
      "ec": "2020-09-17_f10af76",
      "me": "14.0.10.1204",
      "me_hap": false,
      "me_cr": false,
      "description": "Add UEFI TPM2 support, add ACPI thermal interface, and fix ESXi keyboard issue"
    },
    {
      "bios": "2020-08-06_2e5f452",
      "bios_me": true,
      "bios_set": false,
      "ec": "2020-08-06_2e5f452",
      "me": "14.0.10.1204",
      "me_hap": false,
      "me_cr": false,
      "description": "Enable ACPI backlight and add firmware configuration information"
    },
    {
      "bios": "2020-05-15_e2baafa",
      "bios_me": true,
      "bios_set": false,
      "ec": "2020-05-15_e2baafa",
      "me": "14.0.10.1204",
      "me_hap": false,
      "me_cr": false,
      "description": "Enable i2c-hid touchpad interface"
    },
    {
      "bios": "2020-05-07_9d7dd70",
      "bios_me": true,
      "bios_set": false,
      "ec": "2020-05-07_9d7dd70",
      "me": "14.0.10.1204",
      "me_hap": false,
      "me_cr": false,
      "description": "Fix ghost key debouncing"
    },
    {
      "bios": "2020-05-04_46a8b98",
      "bios_me": true,
      "bios_set": false,
      "ec": "2020-05-04_46a8b98",
      "me": "14.0.10.1204",
      "me_hap": false,
      "me_cr": false,
      "description": "Improve ghost key handling and reduce key debounce"
    },
    {
      "bios": "2020-04-23_ee95d21",
      "bios_me": true,
      "bios_set": false,
      "ec": "2020-04-23_ee95d21",
      "me": "14.0.10.1204",
      "me_hap": false,
      "me_cr": false,
      "description": "Fix duplicate release of key after release of function key"
    },
    {
      "bios": "2020-04-18_179707d",
      "bios_me": true,
      "bios_set": false,
      "ec": "2020-04-18_179707d",
      "me": "14.0.10.1204",
      "me_hap": false,
      "me_cr": false,
      "description": "Update fan curve"
    },
    {
      "bios": "2020-04-09_487c9fe",
      "bios_me": true,
      "bios_set": false,
      "ec": "2020-04-09_487c9fe",
      "me": "14.0.10.1204",
      "me_hap": false,
      "me_cr": false,
      "description": "Original firmware"
    }
  ]
}
