{
  "versions": [
    {
      "bios": "2021-01-19_d6d37c0",
      "bios_me": true,
      "bios_set": false,
      "ec": "2021-01-19_d6d37c0",
      "me": "14.0.30.1114",
      "me_hap": false,
      "me_cr": false,
      "description": "Update boot options on device hotplug, add fan toggle key (Fn+1), and clear NVRAM when CMOS battery is removed"
    },
    {
      "bios": "2020-10-19_d5deed5",
      "bios_me": true,
      "bios_set": false,
      "ec": "2020-10-19_d5deed5",
      "me": "14.0.30.1114",
      "me_hap": false,
      "me_cr": false,
      "description": "Support customizing keyboard at runtime, add battery charging thresholds, fix smart charger values, and prevent wake when lid is closed"
    },
    {
      "bios": "2020-09-17_f10af76",
      "bios_me": true,
      "bios_set": false,
      "ec": "2020-09-17_f10af76",
      "me": "14.0.30.1114",
      "me_hap": false,
      "me_cr": false,
      "description": "Enable Wake-on-Lan, add ACPI thermal interface, and fix ESXi keyboard issue"
    },
    {
      "bios": "2020-08-13_7e39821",
      "bios_me": true,
      "bios_set": false,
      "ec": "2020-08-13_7e39821",
      "me": "14.0.30.1114",
      "me_hap": false,
      "me_cr": false,
      "description": "Add UEFI TPM2 support"
    },
    {
      "bios": "2020-08-06_2e5f452",
      "bios_me": true,
      "bios_set": false,
      "ec": "2020-08-06_2e5f452",
      "me": "14.0.30.1114",
      "me_hap": false,
      "me_cr": false,
      "description": "Add firmware configuration information"
    },
    {
      "bios": "2020-07-06_f5d3306",
      "bios_me": true,
      "bios_set": false,
      "ec": "2020-07-06_f5d3306",
      "me": "14.0.30.1114",
      "me_hap": false,
      "me_cr": false,
      "description": "Original firmware"
    }
  ]
}
