{
  "versions": [
    {
      "bios": "2021-02-15_09e2a55",
      "bios_me": false,
      "bios_set": false,
      "ec": "2021-02-15_09e2a55",
      "me": "15.0.10.1447",
      "me_hap": false,
      "me_cr": false,
      "description": "Raise HDMI data rate to support 4K@60Hz"
    },
    {
      "bios": "2021-02-05_c3994a1",
      "bios_me": false,
      "bios_set": false,
      "ec": "2021-02-05_c3994a1",
      "me": "15.0.10.1447",
      "me_hap": false,
      "me_cr": false,
      "description": "Fix keyboard scanning glitches"
    },
    {
      "bios": "2021-01-21_361e96f",
      "bios_me": false,
      "bios_set": false,
      "ec": "2021-01-21_361e96f",
      "me": "15.0.10.1447",
      "me_hap": false,
      "me_cr": false,
      "description": "Original firmware"
    }
  ]
}
