{
  "versions": [
    {
      "bios": "2021-01-19_d6d37c0",
      "bios_me": true,
      "bios_set": false,
      "ec": "2021-01-19_d6d37c0",
      "me": "14.0.30.1114",
      "me_hap": false,
      "me_cr": false,
      "description": "Support customizing keyboard at runtime, add battery charging thresholds, prevent wake when lid is closed, update boot options on device hotplug, add fan toggle key (Fn+1), and clear NVRAM when CMOS battery is removed"
    },
    {
      "bios": "2020-09-17_f10af76",
      "bios_me": true,
      "bios_set": false,
      "ec": "2020-09-17_f10af76",
      "me": "14.0.30.1114",
      "me_hap": false,
      "me_cr": false,
      "description": "Enable Wake-on-Lan, add ACPI thermal interface, and fix ESXi keyboard issue"
    },
    {
      "bios": "2020-08-24_b504b90",
      "bios_me": true,
      "bios_set": false,
      "ec": "2020-08-24_b504b90",
      "me": "14.0.30.1114",
      "me_hap": false,
      "me_cr": false,
      "description": "Original firmware"
    }
  ]
}
